2|AMENDEMENTS|Accueil
3|Amendements organiques composés RenameClassement2 6|AMENDEMENTS
4|Amendement physique du sol RenameClassement2 3|AMENDEMENTS
5|PRODUITS DE PAILLAGE|Accueil
6|Nappes de jardin et géotextiles RenameClassement2 1|PRODUITS DE PAILLAGE
7|AMENAGEMENT D'ETANG|Accueil
8|Pompes RenameClassement2 4|AMENAGEMENT D'ETANG
9|AMENAGEMENT DE JARDIN|Accueil
10|Systèmes de fixation RenameClassement2 2|AMENAGEMENT DE JARDIN
11|CLOTURES METALLIQUES|Accueil
12|Panneaux à remplir - Gabions RenameClassement2 5|CLOTURES METALLIQUES
